Source,Target,Weight
1,2,1234310
1,3,1510808
1,4,679619
1,5,617113
1,6,809574
1,7,770395
1,8,732851
1,9,492319
1,10,560866
1,11,652386
1,12,659832
1,13,419356
1,14,336710
1,15,1069691
1,16,1216421
1,17,1107213
1,18,503145
1,19,1520415
1,20,913102
1,21,670403
1,22,886030
1,23,575474
1,24,555804
1,25,1234255
1,26,723262
1,27,380118
1,28,1033195
1,29,199964
1,30,1039108
1,31,1195101
1,33,577310
1,34,197325
1,35,109821
1,36,128340
1,37,693453
1,38,336769
1,39,502806
1,40,856502
1,41,514446
1,42,781815
1,43,191160
1,44,155862
1,45,355688
1,46,53900
1,47,358062
1,48,325839
1,49,110902
1,50,349165
1,51,441099
1,52,360310
1,53,103140
1,54,274926
1,55,860593
1,56,22700
1,57,558990
1,61,680280
1,62,372300
1,63,346938
1,64,101916
1,65,486198
1,66,124264
1,67,202476
1,68,474438
1,69,157585
1,70,115095
1,71,132912
1,72,164951
1,74,378133
1,76,176752
1,77,547157
1,78,246739
1,79,426824
1,81,108867
1,82,129111
1,84,62370
1,85,67375
1,86,54400
1,87,647211
1,88,321661
1,90,367113
1,91,307547
1,92,138079
1,93,284942
1,94,69300
1,95,103305
1,96,54400
1,97,470080
1,99,359943
1,101,279330
1,103,215841
1,104,202436
1,107,300258
1,110,4620
1,111,68150
1,112,361559
1,116,116070
1,117,90250
1,118,54600
1,119,247564
1,121,36375
1,123,190185
1,127,163399
1,128,59720
1,129,83085
1,130,136631
1,131,328311
1,132,83020
1,133,104490
1,134,224027
1,136,305183
1,137,171783
1,139,175425
1,140,216469
1,144,12810
1,147,159108
1,150,72523
1,152,34400
1,153,54250
1,155,96715
1,156,115098
1,158,43267
1,162,188756
1,173,262594
1,174,261300
1,175,1080
1,177,220192
1,178,36500
1,180,192011
1,182,19440
1,184,112068
1,190,70972
1,203,144231
1,207,139524
1,224,71557
1,226,52110
1,229,32400
1,231,15175
1,236,117606
1,240,48500
1,261,84653
1,276,43500
1,283,72020
1,299,57945
1,303,55500
1,399,9350
2,1,90464
2,3,1233525
2,4,1839950
2,5,846534
2,6,1420328
2,7,1292439
2,8,1030315
2,9,954365
2,10,814852
2,11,788853
2,12,597658
2,13,1403826
2,14,828937
2,15,1215775
2,16,1442016
2,17,1235594
2,18,682265
2,19,686182
2,20,1162050
2,21,669633
2,22,687470
2,23,419199
2,25,468769
2,26,925060
2,27,584843
2,28,643652
2,29,43481
2,30,694420
2,31,421622
2,32,75555
2,33,608601
2,34,449012
2,35,162108
2,36,555526
2,37,267665
2,38,574240
2,40,277199
2,41,227843
2,42,353125
2,43,505981
2,44,198172
2,45,521541
2,47,560874
2,48,368818
2,49,84265
2,50,273182
2,51,601556
2,52,317883
2,53,228
2,54,434649
2,55,72550
2,56,93844
2,57,118891
2,58,106580
2,61,221436
2,62,349885
2,63,186997
2,64,117390
2,65,125428
2,66,340139
2,67,247832
2,68,11525
2,69,173244
2,70,153909
2,71,248396
2,72,222640
2,73,54391
2,74,227296
2,75,52107
2,76,367789
2,77,113599
2,79,228213
2,81,283362
2,82,97769
2,85,377019
2,86,354183
2,87,56000
2,88,105047
2,89,323704
2,90,56675
2,91,104566
2,92,109257
2,94,252481
2,95,87833
2,96,347150
2,98,51535
2,100,118763
2,101,54000
2,103,53848
2,104,35026
2,106,286079
2,107,32130
2,110,64242
2,111,54450
2,116,112488
2,117,117412
2,118,120142
2,119,53650
2,120,186486
2,123,10582
2,125,70350
2,128,134553
2,129,54400
2,132,53550
2,133,88298
2,135,72140
2,138,68634
2,139,38602
2,142,140276
2,143,168856
2,150,73720
2,151,90350
2,152,54400
2,153,129640
2,154,54450
2,156,85285
2,164,78229
2,165,132110
2,167,125019
2,172,44163
2,175,23232
2,178,88827
2,182,25524
2,183,65461
2,192,59931
2,194,49850
2,200,84090
2,214,16498
2,228,13350
2,231,13694
2,234,10771
2,264,25849
2,265,51491
2,274,14221
2,373,18012
2,428,11305
3,1,43372
3,2,9775
3,4,174205
3,5,309998
3,6,14362
3,7,415633
3,8,50336
3,9,78863
3,10,36300
3,11,249523
3,12,217976
3,13,97919
3,14,747571
3,15,869649
3,16,180817
3,17,81528
3,18,80429
3,19,386524
3,20,13039
3,21,7086
3,22,54200
3,23,215043
3,24,361758
3,25,346586
3,26,1150527
3,27,716495
3,28,844453
3,29,990103
3,30,168352
3,31,94826
3,32,15741
3,33,633071
3,34,546737
3,35,75555
3,36,72508
3,37,101161
3,38,74052
3,39,1080
3,40,12528
3,41,28315
3,42,135901
3,43,71097
3,44,514862
3,45,37840
3,47,296048
3,48,181978
3,49,81277
3,50,83030
3,51,148051
3,52,56466
3,53,135450
3,55,149140
3,56,706257
3,57,326312
3,58,23091
3,59,328599
3,60,15639
3,61,581157
3,62,152220
3,63,606243
3,64,519661
3,65,211253
3,66,361833
3,67,378239
3,68,355559
3,69,150528
3,70,94129
3,73,626658
3,74,107328
3,77,55148
3,78,58254
3,79,511022
3,82,162604
3,85,118144
3,86,462564
3,87,137075
3,88,16016
3,89,510120
3,90,53734
3,91,13775
3,92,1530
3,93,270516
3,97,96298
3,98,318843
3,99,492089
3,101,54300
3,105,48230
3,106,198239
3,107,399547
3,108,545485
3,110,385831
3,113,455469
3,114,16720
3,117,317096
3,121,390557
3,123,25477
3,124,151781
3,125,206555
3,128,47719
3,130,374428
3,131,13423
3,136,9310
3,162,607010
3,163,38050
3,175,118702
3,181,818075
3,182,15966
3,190,54450
3,202,274821
3,209,165830
3,213,94308
3,214,148833
3,219,384590
3,220,35049
3,234,295186
3,241,125465
3,251,134413
3,254,150856
3,255,76427
3,256,96781
3,258,368022
3,273,32640
3,277,1036428
3,280,450081
3,284,554888
3,290,21472
3,317,49063
3,361,230511
3,378,248767
3,388,376435
3,440,54500
3,490,335243
4,1,40262
4,2,68996
4,3,50005
4,5,305959
4,6,212685
4,7,531798
4,8,32075
4,9,280430
4,10,31734
4,11,30750
4,12,285773
4,13,527202
4,14,808519
4,15,200736
4,17,1517349
4,18,1232
4,19,18225
4,20,61830
4,21,568655
4,22,152702
4,23,86016
4,24,434609
4,25,5760
4,27,155578
4,28,33510
4,29,110834
4,30,509007
4,31,666421
4,32,583558
4,33,180289
4,34,248582
4,35,51885
4,36,61830
4,37,67312
4,38,133856
4,39,79777
4,40,84330
4,41,169254
4,43,109350
4,44,464999
4,45,1404735
4,47,1167244
4,48,37575
4,49,144175
4,50,1007655
4,52,157601
4,53,391244
4,56,61830
4,58,224157
4,59,473715
4,64,216217
4,67,43560
4,70,935455
4,73,100
4,80,427379
4,82,464499
4,83,296158
4,110,50922
4,113,52746
4,126,1326899
4,145,123024
4,148,232171
4,161,149420
4,168,196004
4,176,1223330
4,182,696785
4,186,1093303
4,215,521081
4,221,313603
4,252,369351
4,259,44405
4,297,1122
4,311,1567073
4,352,203345
4,369,2253992
4,448,26270
5,1,237593
5,2,1638
5,3,17632
5,4,135022
5,6,365920
5,7,288132
5,8,54750
5,9,54329
5,10,396850
5,11,173173
5,12,49429
5,13,11433
5,14,654620
5,15,374424
5,17,46213
5,18,598874
5,19,43750
5,20,88310
5,21,1111717
5,22,174454
5,23,143574
5,24,659329
5,25,17765
5,26,43175
5,27,758598
5,28,1594065
5,29,406362
5,30,533320
5,31,63016
5,32,212439
5,33,155623
5,34,99941
5,35,16587
5,36,127776
5,37,152165
5,38,962187
5,39,260180
5,40,887322
5,41,29045
5,42,34500
5,43,56376
5,44,457506
5,45,142628
5,47,86995
5,48,101612
5,49,6425
5,50,566407
5,51,119961
5,52,22728
5,53,91179
5,54,31806
5,58,50005
5,59,279803
5,60,114565
5,62,244223
5,63,553231
5,64,13642
5,66,12711
5,67,24614
5,68,508387
5,69,180451
5,70,19944
5,73,209108
5,75,73100
5,78,47730
5,82,464061
5,86,62285
5,92,49817
5,98,8950
5,110,87150
5,113,41588
5,122,427320
5,126,576715
5,145,83235
5,161,12173
5,168,147473
5,176,149308
5,186,701439
5,201,16340
5,213,89585
5,215,50005
5,234,521559
5,252,256232
5,254,414790
5,259,97683
5,270,529005
5,295,263243
5,329,10649
5,344,568411
5,398,313246
5,421,105067
6,1,133253
6,2,118334
6,3,164098
6,4,54522
6,5,11362
6,7,11789
6,8,91125
6,9,221005
6,10,3300
6,11,18667
6,12,75605
6,13,135395
6,14,136682
6,15,225553
6,16,84950
6,17,49218
6,18,36930
6,19,68365
6,20,11723
6,21,505547
6,22,312017
6,23,3154
6,24,254322
6,25,218962
6,26,49255
6,27,305022
6,28,713334
6,29,263428
6,30,377760
6,31,12730
6,32,564
6,33,811705
6,34,18829
6,35,2850
6,36,6244
6,37,208921
6,38,13479
6,40,183357
6,41,153514
6,43,49702
6,44,115296
6,45,560038
6,47,133560
6,48,71208
6,49,36694
6,50,532371
6,51,7448
6,52,232171
6,53,20425
6,56,87248
6,58,412154
6,60,4816
6,61,764241
6,64,145142
6,66,114657
6,67,19967
6,69,17575
6,70,72522
6,73,72051
6,75,20700
6,82,70930
6,83,400471
6,86,20681
6,89,335563
6,92,12730
6,106,49597
6,110,69400
6,113,27402
6,114,359013
6,116,514694
6,122,60572
6,125,166729
6,126,29231
6,135,717024
6,145,85136
6,146,32625
6,148,59085
6,153,9362
6,154,81517
6,160,123121
6,164,57390
6,168,382622
6,169,962589
6,175,17641
6,182,18601
6,187,466112
6,199,173607
6,201,209161
6,213,114656
6,214,59473
6,234,34575
6,238,36400
6,254,64634
6,270,558045
6,290,92013
6,316,445015
6,322,18563
6,329,46937
6,339,340119
6,340,3512
6,346,56300
6,347,36119
6,364,36050
6,372,145969
6,377,141992
6,378,87700
6,385,21992
6,389,47050
6,390,242767
6,404,17565
6,409,21717
6,417,133549
6,430,22030
6,439,36300
6,446,40780
6,460,398335
6,465,229758
6,470,233275
6,475,17090
6,477,842435
6,478,17663
6,486,49266
7,1,383484
7,2,4696
7,3,73324
7,4,52850
7,5,28175
7,6,299579
7,8,63600
7,9,80700
7,10,34391
7,11,56955
7,12,18042
7,13,37272
7,14,103815
7,15,247613
7,16,97236
7,17,122570
7,18,58996
7,19,357026
7,20,300519
7,21,87709
7,22,839657
7,23,30906
7,24,238
7,25,40922
7,26,17
7,27,52200
7,28,144944
7,29,69472
7,30,2340
7,31,394642
7,32,399514
7,33,283435
7,34,113355
7,36,40158
7,37,291144
7,38,379217
7,40,20298
7,41,47507
7,42,156048
7,43,176681
7,44,63971
7,45,35819
7,47,286718
7,48,153108
7,49,13158
7,50,56572
7,51,200651
7,52,38172
7,53,198354
7,54,170
7,55,394678
7,56,44353
7,58,545923
7,61,175802
7,62,191332
7,63,3275
7,66,93408
7,67,360973
7,69,18400
7,70,409782
7,72,131541
7,73,35224
7,74,54825
7,75,221771
7,79,138806
7,82,65857
7,85,46455
7,86,184573
7,89,141747
7,91,184929
7,92,255329
7,95,141656
7,96,376629
7,97,551376
7,106,21534
7,109,55195
7,110,412344
7,116,86083
7,118,34866
7,120,13082
7,122,172589
7,124,91376
7,125,149554
7,127,36450
7,135,8010
7,138,238409
7,142,269773
7,143,237150
7,146,125834
7,148,48722
7,151,95248
7,153,86948
7,154,1980
7,156,106070
7,159,63750
7,164,52082
7,165,54150
7,167,116388
7,168,64619
7,169,276947
7,171,157946
7,172,192245
7,175,121667
7,182,6936
7,183,253632
7,192,297543
7,199,35853
7,208,18734
7,214,18012
7,232,95367
7,244,900
7,254,330957
7,263,133545
7,264,406249
7,265,159070
7,268,180314
7,271,95592
7,272,16428
7,275,30200
7,285,31654
7,288,248047
7,294,148318
7,321,596987
7,324,110096
7,342,109482
7,347,30644
7,359,70481
7,407,11343
7,426,397390
7,427,385889
8,1,53687
8,2,27478
8,3,196794
8,4,106805
8,5,393054
8,6,1260
8,7,176757
8,9,127250
8,10,201613
8,11,48212
8,12,22480
8,13,50005
8,14,103778
8,15,750
8,16,97620
8,17,253461
8,18,320517
8,19,48849
8,20,54916
8,21,53586
8,22,229392
8,24,184962
8,25,42077
8,26,21947
8,27,50005
8,28,35448
8,29,69810
8,30,119998
8,31,173366
8,32,318071
8,33,290131
8,34,231138
8,35,153332
8,36,231834
8,37,67502
8,38,93675
8,40,22816
8,41,79924
8,42,419035
8,43,221021
8,45,178889
8,47,100529
8,50,144535
8,51,344723
8,52,1488
8,54,140112
8,55,110368
8,56,39814
8,57,309816
8,58,86802
8,61,50005
8,62,286712
8,63,99687
8,65,145387
8,66,36074
8,68,1940
8,71,159912
8,72,46206
8,74,164199
8,76,273849
8,77,202614
8,78,505613
8,79,90075
8,81,47264
8,85,380012
8,86,234181
8,87,10938
8,88,211861
8,89,119943
8,90,344035
8,91,516157
8,94,1200
8,95,87849
8,96,51578
8,97,696194
8,100,556990
8,103,139022
8,104,38614
8,106,118324
8,111,337394
8,112,81497
8,116,131932
8,118,50005
8,119,157109
8,120,635516
8,125,578346
8,127,546171
8,128,115410
8,129,439106
8,132,4947
8,133,243528
8,138,34550
8,141,243635
8,142,146040
8,143,50889
8,148,131766
8,150,31825
8,151,28526
8,153,91552
8,156,48741
8,165,98500
8,182,426353
8,183,121021
8,188,56301
8,189,653200
8,191,149819
8,200,228633
8,206,112664
8,228,266127
8,274,46342
8,298,354825
8,314,35772
8,419,58656
8,434,70515
9,1,5800
9,2,24550
9,3,43696
9,4,80860
9,5,396124
9,6,176829
9,7,261323
9,8,190831
9,10,44718
9,11,194967
9,12,4247
9,13,190587
9,14,44776
9,15,249551
9,17,147394
9,18,50005
9,19,312508
9,20,54020
9,21,18563
9,22,49868
9,23,281997
9,24,100731
9,25,334742
9,26,342779
9,27,346463
9,28,681353
9,29,694504
9,30,187029
9,31,21780
9,33,430674
9,34,161831
9,35,32752
9,36,120456
9,37,50005
9,38,577419
9,39,577788
9,40,14687
9,41,53325
9,42,156198
9,43,205611
9,44,17719
9,45,50005
9,47,144740
9,48,50005
9,49,480055
9,50,358615
9,51,49682
9,52,258465
9,53,50005
9,58,458750
9,60,56672
9,62,150495
9,63,116048
9,64,356224
9,65,103434
9,66,171726
9,67,211881
9,68,309244
9,69,165130
9,70,78825
9,72,49794
9,73,456305
9,78,749392
9,82,506324
9,98,529896
9,105,977225
9,108,432255
9,110,18629
9,113,64
9,114,44226
9,126,66238
9,160,418870
9,254,7650
9,357,21202
10,1,19848
10,2,174013
10,3,81633
10,4,46537
10,5,208266
10,6,44318
10,7,1440
10,8,43386
10,9,153683
10,11,206148
10,12,125964
10,13,377658
10,14,132244
10,15,299402
10,16,98447
10,17,17755
10,18,25403
10,19,78839
10,20,96704
10,21,30275
10,22,515223
10,23,15819
10,24,7760
10,25,289095
10,26,360783
10,27,132790
10,28,127188
10,29,293815
10,30,418107
10,31,18582
10,32,173197
10,33,185280
10,34,124111
10,36,14300
10,37,276847
10,38,204270
10,39,95080
10,40,64737
10,41,396160
10,42,302787
10,43,21041
10,44,77885
10,45,73548
10,47,17793
10,48,37903
10,49,271693
10,50,94665
10,51,1529
10,52,10544
10,53,117096
10,55,357174
10,56,119905
10,59,22007
10,61,230277
10,63,6142
10,65,217410
10,66,113806
10,67,82838
10,68,10557
10,69,478427
10,74,72785
10,78,245249
10,79,78582
10,82,65960
10,85,234287
10,86,63538
10,89,204812
10,91,43693
10,92,237891
10,103,43202
10,106,168487
10,116,72453
10,117,2328
10,118,178259
10,125,25789
10,128,107429
10,130,290123
10,135,144259
10,150,120977
10,153,29500
10,156,345564
10,164,134042
10,194,163202
10,200,273759
10,220,352404
10,232,575638
10,264,146316
10,301,99299
10,302,265098
10,319,33698
10,320,191751
10,400,66048
10,419,271651
10,458,604721
10,459,740914
10,469,18553
10,471,87374
10,473,295518
11,1,187209
11,2,451038
11,3,82598
11,4,107750
11,5,255570
11,6,58730
11,7,97440
11,8,280020
11,9,114903
11,10,52100
11,12,406062
11,13,86050
11,14,118566
11,15,37333
11,16,10560
11,17,247024
11,18,15450
11,19,206221
11,20,138858
11,21,165137
11,22,85465
11,23,288584
11,25,312202
11,26,95086
11,27,80107
11,28,84509
11,29,295683
11,30,219623
11,31,114621
11,32,288405
11,33,97507
11,34,69970
11,35,19879
11,36,222063
11,37,227408
11,38,259680
11,40,512340
11,41,25732
11,42,115277
11,43,52700
11,44,231184
11,45,132244
11,46,146547
11,47,47602
11,48,69095
11,49,1612
11,50,49611
11,52,480121
11,53,313351
11,55,174152
11,56,36304
11,57,191392
11,58,141616
11,61,350785
11,63,148369
11,64,344617
11,65,227424
11,66,87302
11,67,52943
11,68,82224
11,69,112626
11,70,497031
11,74,458378
11,77,139356
11,78,45621
11,79,174781
11,82,40413
11,86,42861
11,87,334485
11,88,5400
11,90,356969
11,91,53500
11,92,296094
11,93,105349
11,97,98398
11,101,171072
11,103,34255
11,105,192621
11,107,8400
11,108,17480
11,110,448724
11,114,125794
11,117,30267
11,121,52159
11,123,53753
11,124,494294
11,129,581952
11,130,19665
11,131,138389
11,134,9825
11,163,197681
11,175,219263
11,181,37360
11,182,119920
11,190,52200
11,202,86209
11,209,44923
11,213,97904
11,214,76199
11,219,243326
11,234,159700
11,241,54975
11,251,386827
11,253,68191
11,254,375315
11,269,111235
11,278,104323
11,290,61304
11,338,6764
12,1,107999
12,2,50005
12,3,308040
12,4,74629
12,5,20457
12,6,187410
12,7,14033
12,8,45837
12,9,51837
12,10,153558
12,11,43680
12,13,475394
12,14,159330
12,15,344794
12,16,153764
12,17,106294
12,18,100818
12,19,2880
12,20,485238
12,21,208972
12,22,396229
12,24,128310
12,25,51985
12,26,40885
12,27,163
12,28,130848
12,30,256800
12,31,49450
12,33,505423
12,37,82402
12,38,264301
12,40,275364
12,41,513482
12,42,32670
12,45,40020
12,47,118540
12,51,64173
12,52,67363
12,54,72855
12,55,176622
12,57,50553
12,61,52305
12,62,211849
12,63,426670
12,65,92790
12,68,61611
12,71,64520
12,72,276355
12,74,194063
12,76,102805
12,77,1615
12,78,511650
12,79,99530
12,81,280
12,87,932316
12,88,29190
12,90,84569
12,91,380
12,93,85344
12,94,989760
12,97,127150
12,99,49862
12,101,331887
12,103,17600
12,104,27552
12,107,467178
12,111,227546
12,112,1008
12,117,59195
12,119,128163
12,123,164403
12,129,98745
12,131,153203
12,132,485267
12,137,282198
12,139,95148
12,140,634060
12,147,968027
12,155,10890
12,158,262796
12,162,37935
12,177,312135
12,184,134817
12,203,27840
12,207,177954
12,226,94845
12,229,762985
12,235,91019
12,237,350692
12,240,284011
12,293,309435
12,296,43530
12,399,104775
12,481,61773
13,1,109036
13,2,321101
13,3,43866
13,4,67802
13,5,20276
13,6,32100
13,7,101315
13,8,833627
13,9,162819
13,10,237841
13,11,261207
13,12,43460
13,14,100249
13,15,44141
13,17,173134
13,18,5490
13,19,15800
13,20,51051
13,21,300481
13,22,46494
13,23,105129
13,24,681335
13,27,519705
13,28,59401
13,29,86978
13,30,612868
13,32,47316
13,33,74622
13,34,56933
13,37,69084
13,38,240899
13,40,130901
13,43,2775
13,44,84508
13,52,127966
13,56,76956
13,58,536298
13,59,73318
13,60,924403
13,63,34716
13,70,18563
13,73,33830
13,80,6369
13,83,43334
13,110,399996
13,113,12175
13,126,464346
13,145,172915
13,161,202752
13,168,322077
13,176,170555
13,182,262232
13,186,365069
13,198,20286
13,210,68820
13,215,102665
13,243,540
13,254,203230
13,306,235190
13,325,540
13,334,284178
13,368,22044
14,1,22355
14,2,36450
14,3,134831
14,4,1638087
14,5,60698
14,6,173282
14,7,101731
14,8,23404
14,9,29011
14,10,58058
14,11,248550
14,12,220998
14,13,377173
14,15,13832
14,17,12891
14,18,79071
14,20,46437
14,21,216903
14,22,19152
14,23,204860
14,24,111066
14,26,54945
14,27,55685
14,28,11492
14,29,645024
14,30,212010
14,32,163021
14,33,360217
14,34,176284
14,35,70638
14,36,51837
14,37,98929
14,41,34809
14,43,19009
14,44,396503
14,49,38199
14,53,283038
14,56,161917
14,58,90755
14,59,611065
14,60,402799
14,70,51675
14,73,221141
14,75,19900
14,98,90700
14,109,82909
14,110,224699
14,113,30172
14,115,112554
14,122,29560
14,145,177853
14,146,38145
14,148,129877
14,149,200700
14,159,5415
14,160,39326
14,161,2775
14,171,185434
14,195,10266
14,198,99293
14,204,110970
14,221,29661
14,223,249709
14,225,2116
14,227,294233
14,245,335393
14,246,13232
14,249,76367
14,254,125526
14,289,130975
14,310,22837
14,312,45059
14,344,39828
14,438,136952
14,482,228552
15,1,81572
15,2,645521
15,3,379166
15,4,137534
15,5,109737
15,6,491286
15,7,149264
15,8,167282
15,9,2015
15,10,1862
15,11,34772
15,12,33712
15,13,5025
15,14,14831
15,16,11646
15,17,280247
15,18,56171
15,19,65578
15,20,50950
15,21,182956
15,22,502466
15,23,2275
15,24,77639
15,25,108656
15,26,87488
15,27,65505
15,28,5236
15,29,285219
15,30,84769
15,31,70668
15,33,15372
15,37,931
15,38,74586
15,40,66745
15,41,53576
15,42,210850
15,45,117633
15,47,468802
15,51,48292
15,52,553858
15,54,318808
15,55,94143
15,57,37450
15,61,20214
15,62,156990
15,63,84262
15,65,94901
15,68,174110
15,71,31825
15,72,671815
15,74,11518
15,76,514427
15,77,94019
15,79,13882
15,81,114950
15,84,39100
15,88,113511
15,90,164486
15,91,5309
15,94,28979
15,95,2000
15,96,363816
15,100,17898
15,101,28656
15,103,16037
15,111,42541
15,129,138678
15,132,22977
15,140,251736
15,141,2816
15,152,139805
15,157,152879
15,158,445515
15,178,213045
15,179,1551020
15,188,13005
15,191,4520
15,206,111564
15,211,33200
15,218,94363
15,229,63597
15,231,30991
15,239,50255
15,242,123781
15,286,40452
15,305,143860
15,323,28969
15,381,370
15,453,400879
16,1,52304
16,2,100643
16,3,54068
16,6,138537
16,7,124510
16,8,116596
16,10,54780
16,11,54500
16,12,69150
16,15,146479
16,18,43861
16,19,67400
16,20,267743
16,21,51993
16,22,136471
16,24,55960
16,25,2880
16,26,106082
16,28,13525
16,30,325867
16,31,66347
16,33,54375
16,37,166909
16,38,45133
16,39,71125
16,40,56715
16,41,69782
16,42,276138
16,45,138164
16,47,6401
16,52,48147
16,54,69302
16,55,103540
16,57,88427
16,61,11146
16,62,74039
16,63,265789
16,65,91685
16,68,136638
16,71,137078
16,72,342146
16,74,329780
16,76,56798
16,77,301235
16,79,141797
16,81,88150
16,87,125958
16,88,31442
16,90,38569
16,94,247124
16,95,18250
16,100,103857
16,101,156229
16,104,96703
16,117,176061
16,132,54995
16,140,52152
16,157,373629
16,158,40831
16,165,95052
16,179,71151
16,182,51611
16,211,84309
16,212,111443
16,218,61415
16,242,251959
16,381,68620
17,1,419327
17,2,4446
17,3,54725
17,4,51413
17,5,1400
17,6,376202
17,7,263734
17,8,95283
17,9,47387
17,10,6900
17,11,636943
17,12,146040
17,13,432481
17,14,173476
17,15,112203
17,18,5200
17,19,132596
17,20,200633
17,21,5200
17,22,54390
17,23,155973
17,24,113684
17,25,150060
17,26,59480
17,27,936
17,28,230222
17,30,254396
17,31,137797
17,32,142732
17,33,89584
17,34,135694
17,35,129492
17,36,26463
17,37,70575
17,38,98293
17,40,56370
17,41,53500
17,42,100010
17,43,203125
17,45,172445
17,47,238133
17,48,54025
17,50,246359
17,51,148618
17,52,364787
17,54,99873
17,55,61527
17,56,55200
17,57,99112
17,61,49555
17,62,87975
17,63,50264
17,65,54400
17,66,82480
17,68,222893
17,69,282406
17,71,111912
17,72,189834
17,74,49682
17,76,267198
17,77,208331
17,79,186497
17,81,848
17,85,114926
17,86,64200
17,87,390192
17,88,5200
17,90,125370
17,91,46682
17,95,104880
17,96,108196
17,100,295414
17,101,175480
17,103,54650
17,104,18350
17,112,5951
17,137,133261
17,173,51437
17,179,35975
17,182,75680
17,196,355549
17,214,221585
17,218,64991
17,234,54750
17,242,105839
18,1,314262
18,2,26020
18,3,85825
18,4,153685
18,5,41470
18,6,22486
18,7,210216
18,8,71373
18,9,90350
18,10,120387
18,11,61470
18,12,48416
18,13,80889
18,14,44458
18,15,138602
18,16,232432
18,17,55988
18,19,38406
18,20,182792
18,21,187597
18,22,50005
18,23,199988
18,24,399832
18,25,8300
18,26,69325
18,27,43700
18,28,54180
18,29,81493
18,30,233048
18,31,137081
18,33,4750
18,34,152005
18,37,32392
18,38,28929
18,39,16775
18,40,101714
18,41,244156
18,42,160832
18,45,282659
18,47,12635
18,48,99797
18,49,105756
18,50,6697
18,51,309
18,52,83967
18,54,27006
18,55,181792
18,57,51321
18,61,80712
18,62,59780
18,63,77029
18,65,177981
18,66,107261
18,67,67394
18,68,51010
18,69,45606
18,70,125806
18,71,124527
18,72,287944
18,74,40455
18,76,18401
18,77,36450
18,78,25110
18,79,65655
18,81,121790
18,82,161106
18,84,24906
18,85,221557
18,86,431591
18,87,11485
18,88,67204
18,89,62550
18,90,10602
18,91,98938
18,92,7881
18,93,36315
18,94,121026
18,95,17537
18,96,334092
18,99,76528
18,100,23985
18,101,104773
18,103,95334
18,104,18525
18,106,21756
18,107,49850
18,111,540934
18,112,345836
18,118,128437
18,119,147098
18,120,2571
18,127,101587
18,128,723164
18,129,23389
18,132,257629
18,133,25679
18,136,152889
18,137,78165
18,138,371132
18,139,112747
18,141,12177
18,142,35334
18,143,5964
18,147,14335
18,150,3392
18,152,5814
18,157,374340
18,158,41285
18,173,24605
18,174,21280
18,178,27869
18,180,156798
18,182,77
18,328,50181
19,1,331349
19,2,3256
19,3,465098
19,4,174884
19,5,19038
19,6,277
19,7,226694
19,8,38595
19,9,12635
19,10,100010
19,11,22993
19,12,142000
19,13,375997
19,15,99188
19,16,148586
19,17,79634
19,18,50005
19,20,25937
19,21,245808
19,22,52388
19,23,366982
19,24,129221
19,25,146084
19,26,27844
19,28,140552
19,29,30410
19,30,56819
19,31,144433
19,33,178849
19,37,86868
19,38,167271
19,39,90916
19,40,18
19,41,29350
19,42,45196
19,45,108150
19,47,212647
19,48,32205
19,49,77030
19,50,334723
19,51,34126
19,52,156785
19,54,5712
19,55,100080
19,57,18525
19,61,15618
19,62,9300
19,63,50005
19,65,134557
19,66,90465
19,68,30875
19,71,173141
19,72,20729
19,76,50005
19,77,52750
19,79,50300
19,84,30248
19,93,210648
19,97,40693
19,99,54581
19,107,8700
19,119,12578
19,127,188436
19,136,423170
19,140,181724
19,141,51366
19,144,151062
19,156,70034
19,166,74748
19,173,66550
19,174,81973
19,180,89060
20,1,285744
20,2,13365
20,3,247177
20,4,149510
20,5,243728
20,6,120264
20,7,54600
20,8,167321
20,9,432861
20,10,54240
20,11,147049
20,12,19550
20,13,60600
20,14,208917
20,15,259808
20,16,109900
20,17,36500
20,18,207634
20,19,205011
20,21,33775
20,22,132369
20,23,133420
20,24,172213
20,25,118317
20,26,100545
20,27,85775
20,28,50005
20,29,160560
20,30,69750
20,31,50005
20,33,172164
20,36,154976
20,37,381242
20,38,268013
20,41,1140
20,42,72700
20,45,36718
20,47,28550
20,52,150045
20,57,50830
20,61,106020
20,62,358684
20,65,90550
20,72,427835
20,74,112253
20,76,72670
20,77,11784
20,81,180
20,84,270550
20,94,48331
20,95,54450
20,96,229132
20,100,1233
20,101,520085
20,104,31140
20,111,148828
20,148,1254
20,157,21760
20,179,372490
20,206,59346
20,211,2581
20,212,55187
20,242,29895
20,336,244705
20,358,63420
20,382,51139
20,408,169444
20,414,86694
21,1,35631
21,2,33143
21,3,37682
21,4,109164
21,5,162250
21,6,29540
21,7,34346
21,8,20412
21,9,98269
21,10,4352
21,11,42198
21,12,26099
21,13,53335
21,14,48950
21,15,45350
21,16,21300
21,17,115068
21,18,59332
21,19,150927
21,20,28651
21,22,60860
21,24,85614
21,25,145082
21,26,814070
21,27,163044
21,28,270911
21,29,27659
21,30,157844
21,31,110353
21,33,12312
21,37,582306
21,38,149604
21,40,184328
21,41,227626
21,42,281036
21,43,10393
21,45,39091
21,47,97090
21,51,96714
21,52,49997
21,54,425732
21,57,145223
21,61,111929
21,62,179910
21,63,12245
21,65,50005
21,66,333614
21,68,27240
21,71,4300
21,72,106680
21,74,239281
21,76,58404
21,77,137801
21,78,143615
21,79,49697
21,81,2775
21,85,179986
21,88,145973
21,89,100010
21,90,98008
21,91,24998
21,94,138627
21,95,24912
21,96,84529
21,100,76874
21,101,286200
21,103,50005
21,106,55516
21,111,226358
21,118,19266
21,119,27285
21,128,284007
21,129,16439
21,132,9310
21,133,41366
21,138,48408
21,142,50005
21,147,24592
21,150,34969
21,151,175309
21,152,54120
21,158,80048
21,188,363153
21,189,90117
21,191,49793
21,206,129654
21,211,52596
21,229,106499
21,239,50005
21,240,73695
21,281,147414
21,282,155
21,286,43226
21,323,12445
21,326,50005
21,328,385093
21,335,72288
21,337,42705
21,345,72900
21,366,19627
21,374,61855
21,380,421243
21,384,96640
21,393,98434
21,399,192520
21,422,18207
21,424,149109
21,429,59806
21,461,192612
21,463,97880
22,1,42050
22,2,72600
22,3,93775
22,4,63738
22,5,42108
22,6,54929
22,7,118260
22,8,77
22,9,42276
22,10,70530
22,11,49806
22,12,72950
22,13,72600
22,14,198654
22,15,79218
22,16,36048
22,17,42050
22,18,6678
22,19,72600
22,20,239070
22,21,26944
22,23,45050
22,24,50005
22,25,55338
22,26,25955
22,29,120921
22,30,50005
22,31,34965
22,33,119165
22,38,172436
22,39,49936
22,40,115
22,41,25
22,42,42108
22,45,13750
22,47,39886
22,48,2775
22,49,369446
22,50,42050
22,51,45234
22,52,692869
22,54,151830
22,55,1225
22,57,554515
22,61,113256
22,62,173630
22,63,1643
22,65,680973
22,68,70404
22,69,49868
22,71,1776
22,72,60967
22,74,62365
22,76,20416
22,77,36217
22,78,1620
22,81,72600
22,84,49855
22,91,72600
22,93,83835
22,96,99736
22,101,24969
22,129,10397
22,141,122594
22,157,77108
22,196,2850
22,217,152
22,239,41100
22,242,199303
22,281,191215
23,1,117023
23,2,3979
23,3,14791
23,4,54368
23,5,106080
23,6,288
23,7,124832
23,9,50005
23,10,101038
23,11,40237
23,13,42705
23,14,62568
23,15,144399
23,17,317380
23,18,19720
23,19,44671
23,20,205
23,22,10304
23,27,62634
23,28,118260
23,29,289402
23,32,34085
23,33,76140
23,34,63691
23,35,59049
23,36,5104
23,43,503
23,44,245818
23,48,69983
23,49,82414
23,50,47085
23,53,25399
23,56,145251
23,58,2546
23,64,39855
23,66,313435
23,67,56434
23,69,18125
23,70,156408
23,73,72600
23,75,47777
23,82,54235
23,86,72250
23,98,444285
23,110,102813
23,113,47119
23,122,50841
23,126,88808
23,146,341970
23,148,125596
23,159,42245
23,160,147420
23,169,141083
23,171,42050
23,175,773172
23,187,281394
23,195,164051
23,201,49123
23,221,108921
23,225,65650
23,227,242352
23,238,928
23,247,42021
23,254,53449
23,306,143704
23,322,42108
23,375,48103
24,1,149656
24,3,79120
24,4,6160
24,5,99736
24,6,258081
24,7,54074
24,8,50005
24,9,50005
24,10,50005
24,12,1176
24,13,55272
24,14,22667
24,15,50005
24,16,50005
24,17,152
24,18,137389
24,19,1653
24,20,50005
24,21,15856
24,22,85387
24,25,50005
24,26,1180125
24,27,2479
24,30,17537
24,31,121606
24,33,65178
24,35,40761
24,36,10773
24,38,26536
24,39,1891609
24,41,105860
24,42,128
24,45,111264
24,47,783107
24,49,99804
24,51,10296
24,52,64684
24,54,2479
24,61,24378
24,62,15255
24,63,78990
24,66,18506
24,68,205
24,71,184999
24,78,144605
24,79,66415
24,84,61248
24,85,46500
24,86,1490185
24,89,9414
24,92,48662
24,93,47840
24,103,45384
24,106,36400
24,112,128717
24,116,51780
24,118,22629
24,127,141624
24,133,29478
24,166,9414
24,194,2147
25,1,589774
25,2,120034
25,3,31200
25,4,395598
25,5,360
25,6,52976
25,7,398595
25,8,10468
25,9,281073
25,10,40050
25,11,662084
25,12,33960
25,15,41268
25,16,7790
25,17,72600
25,18,112227
25,19,121252
25,20,94210
25,21,56220
25,22,83136
25,24,77528
25,26,505394
25,28,30480
25,29,499137
25,30,97027
25,31,53280
25,33,322152
25,37,136806
25,38,14400
25,39,24642
25,40,633282
25,41,128
25,42,49868
25,45,16707
25,47,53520
25,48,103563
25,49,3790
25,50,610776
25,51,18665
25,52,49945
25,54,132192
25,55,177169
25,57,49922
25,61,45942
25,63,260
25,68,319253
25,71,16225
25,84,131993
25,97,25792
25,99,77
25,112,304525
25,134,24642
25,136,260
25,141,249598
25,144,144573
25,173,130288
25,174,50005
25,180,5206
25,341,144716
26,1,71572
26,2,41292
26,3,81764
26,5,128500
26,6,102417
26,7,33627
26,8,56110
26,9,93635
26,10,246626
26,11,16331
26,12,74350
26,14,63826
26,15,31746
26,16,49001
26,17,1054
26,18,60155
26,19,22453
26,20,43520
26,21,76936
26,22,28661
26,24,100
26,25,28721
26,29,64825
26,30,129338
26,31,30037
26,33,24330
26,37,5371
26,38,54500
26,40,41695
26,41,27590
26,42,101336
26,45,16966
26,47,137973
26,51,44458
26,52,48499
26,54,1400
26,55,41671
26,57,66057
26,62,60425
26,63,16329
26,65,21453
26,66,31981
26,71,138020
26,72,41035
26,76,68660
26,77,130911
26,79,70121
26,81,45557
26,85,44529
26,86,18524
26,88,1419
26,90,91639
26,91,30782
26,95,80532
26,96,61337
26,100,34669
26,101,33
26,107,149214
26,123,114506
26,129,103879
26,140,90522
26,179,39648
26,239,64957
26,242,6860
27,1,99721
27,2,324653
27,3,243766
27,4,1276157
27,5,165126
27,6,382907
27,7,195608
27,8,49697
27,9,88580
27,10,904306
27,11,168755
27,12,534495
27,13,170892
27,14,312509
27,15,143310
27,17,298406
27,18,49967
27,20,49847
27,21,22287
27,23,10013
27,24,22629
27,28,16020
27,29,9259
27,32,1050
27,33,63128
27,34,59654
27,35,88433
27,36,52180
27,37,43486
27,39,30531
27,40,39972
27,41,102745
27,43,99837
27,44,22271
27,48,67763
27,49,34657
27,50,9028
27,59,525
27,64,35663
27,70,526180
27,73,42974
27,254,80932
28,1,93842
28,2,110821
28,3,62
28,4,46040
28,5,289
28,6,294941
28,7,328662
28,8,555307
28,9,252063
28,10,335576
28,11,314848
28,12,276585
28,13,286957
28,14,629501
28,15,372439
28,16,66700
28,17,70
28,18,8626
28,19,28855
28,20,18738
28,21,181386
28,23,44552
28,25,93839
28,27,81893
28,29,11200
28,30,49868
28,31,22976
28,33,22784
28,34,19890
28,35,52
28,36,1075
28,37,85
28,38,97955
28,40,45260
28,41,10545
28,42,540
28,45,28712
28,47,235762
28,48,131643
28,51,88707
28,52,152
28,54,36830
28,55,9125
28,61,260
28,62,24704
28,63,1925
28,65,267179
28,68,25653
28,71,16650
28,72,95626
28,74,154
28,75,49799
28,76,8950
28,77,4816
28,79,16872
28,81,47779
28,87,152
28,88,41699
28,90,63020
28,91,25004
28,94,24960
28,95,456334
28,96,16150
28,98,9046
28,100,99449
28,101,1392
28,111,96220
28,129,50005
28,132,586175
28,158,50005
28,178,3604
28,188,176
28,191,62
28,380,144093
28,422,96996
29,1,3240
29,2,3315
29,3,34650
29,4,37348
29,5,114195
29,6,21201
29,7,14288
29,8,67727
29,9,31260
29,10,14240
29,11,37888
29,13,15922
29,14,18126
29,15,34424
29,18,50269
29,19,350
29,20,10564
29,21,17423
29,22,13319
29,23,14601
29,25,17128
29,26,91010
29,27,81432
29,28,10535
29,30,42545
29,31,7392
29,35,540
29,36,178258
29,38,17841
29,40,15637
29,42,500
29,51,90483
29,53,87168
29,54,29108
29,56,13926
29,57,10080
29,61,124040
29,62,25758
29,65,68632
29,72,19456
29,76,17803
29,81,92532
29,98,246027
29,100,13205
30,1,18202
30,2,166299
30,3,16187
30,4,58603
30,5,61498
30,6,86205
30,7,3756
30,8,158238
30,9,499335
30,10,5586
30,11,52367
30,12,146548
30,13,4970
30,14,82629
30,15,81720
30,16,8229
30,17,40746
30,18,24480
30,19,50005
30,20,19496
30,21,137209
30,22,41670
30,24,83192
30,25,96921
30,26,78474
30,28,34366
30,29,34966
30,31,183580
30,37,49936
30,38,21447
30,40,2035
30,41,64
30,42,50005
30,51,11143
30,55,16362
30,61,99462
30,99,66518
30,112,141266
30,144,3315
30,182,20349
30,196,10013
30,341,16800
31,1,8768
31,2,20349
31,3,12996
31,4,361
31,5,2978
31,6,6773
31,7,17100
31,8,20539
31,9,38668
31,10,190
31,11,15551
31,12,20349
31,15,30860
31,16,17290
31,17,20636
31,18,6408
31,19,181944
31,20,55551
31,21,720
31,22,50283
31,24,2720
31,25,32944
31,26,629
31,28,5720
31,29,9920
31,30,720
31,33,10721
31,37,1260
31,38,788
31,40,15474
31,41,2257
31,42,11840
31,45,1949
31,51,74906
31,52,49770
31,54,350
31,55,85
31,71,47570
31,84,92437
31,99,6525
31,104,15448
31,112,73094
31,134,1424
31,141,57900
31,144,37
31,341,9162
32,2,28
32,3,180
32,4,5719
32,5,450
32,6,275
32,7,345
32,8,1029
32,10,90
32,11,13561
32,13,5316
32,14,1794
32,17,1091
32,23,2958
32,27,190
32,34,5550
32,35,1491
32,36,1554
32,43,340
32,44,7942
32,53,18633
32,59,462
32,60,5800
32,80,725
32,83,52259
32,102,37
32,197,1517
32,205,740
32,291,14506
33,1,696
33,2,9450
33,3,1888
33,4,19270
33,5,21338
33,6,540
33,7,11976
33,8,11576
33,9,10856
33,10,9416
33,11,10472
33,12,1080
33,13,170
33,14,817
33,15,74
33,16,20995
33,17,945
33,18,152
33,19,171
33,20,2698
33,21,19
33,22,10323
33,23,720
33,24,44795
33,25,15552
33,26,2032
33,27,44187
33,28,18341
33,31,19132
33,34,11223
33,35,25954
33,36,3650
33,37,1404
33,38,3996
33,39,17858
33,40,14550
33,41,10013
33,42,41854
33,43,85
33,44,12070
33,45,156
33,48,2736
33,49,11187
33,50,121164
33,52,34340
33,54,62712
33,61,5472
33,66,45916
33,67,5301
33,69,31394
33,71,34340
33,78,1350
33,82,36720
33,86,350
33,92,1350
33,104,720
33,106,11267
33,117,28
33,125,41953
33,164,21394
33,195,19261
33,333,1110
33,340,83361
33,360,900
33,409,1957
33,455,900
33,462,6816
34,1,3051
34,2,5355
34,3,6102
34,4,6300
34,5,10401
34,6,2922
34,7,7460
34,8,12311
34,9,12856
34,10,6613
34,11,350
34,13,2567
34,14,1507
34,17,425
34,18,17428
34,23,119131
34,27,11072
34,28,32760
34,32,9
34,33,8742
34,35,720
34,36,1878
34,43,9792
34,44,3161
34,49,14259
34,53,24642
34,56,17800
34,58,1871
34,60,11220
34,70,9101
34,73,41629
34,75,55729
34,110,8823
34,113,11084
34,122,50301
34,145,350
34,159,1124
34,160,8996
34,161,360
34,198,350
34,210,17544
34,243,37494
34,254,37350
34,307,69430
34,308,817
34,315,2375
35,1,4913
35,2,22
35,3,350
35,4,6222
35,5,6094
35,6,7598
35,8,5338
35,9,6496
35,11,5204
35,14,13158
35,17,15062
35,23,1642
35,24,13438
35,27,13462
35,28,27339
35,29,779
35,32,17646
35,33,86
35,34,53716
35,36,1054
35,39,3991
35,40,2997
35,41,8868
35,43,808
35,44,777
35,49,12351
35,53,7591
35,58,43877
35,59,5943
35,60,43100
35,73,2946
35,75,15660
35,83,18703
35,98,9244
35,243,15099
36,1,7448
36,2,2726
36,3,23009
36,4,3037
36,5,67466
36,6,256
36,7,43666
36,8,35109
36,9,360
36,10,540
36,11,43741
36,14,4161
36,17,12877
36,20,9414
36,23,6142
36,24,17611
36,27,2584
36,28,13383
36,29,170
36,32,1260
36,33,810
36,34,41953
36,35,900
36,43,14721
36,48,26875
36,53,12410
36,58,19890
36,59,350
36,60,6568
36,70,3709
36,73,350
36,110,32640
36,126,19575
36,254,18
37,1,12103
37,2,5244
37,3,9414
37,4,5871
37,5,18012
37,6,5301
37,7,12236
37,8,14525
37,9,15940
37,10,16664
37,11,6645
37,12,1565
37,13,8788
37,14,7700
37,15,13757
37,16,416
37,17,16664
37,18,1565
37,19,1044
37,20,7205
37,21,12730
37,25,15741
37,26,3130
37,27,1596
37,28,9
37,30,945
37,31,11343
37,33,3106
37,38,41629
37,40,7416
37,41,4513
37,42,3154
37,45,35819
37,47,3615
37,48,870
37,50,11217
37,52,30906
37,55,17328
37,57,952
37,61,5491
37,63,20392
37,66,1548
37,67,11625
37,68,870
37,69,11229
37,78,9776
37,85,1548
37,86,20587
37,88,12886
37,89,1957
37,91,2188
37,92,1419
37,93,624
37,97,3686
37,99,1822
37,103,9571
37,107,32674
37,116,9079
37,117,600
37,123,41437
37,125,8148
37,130,10098
37,131,11192
37,134,24803
37,136,1691
37,139,6363
37,147,1548
37,150,17289
37,162,8760
37,168,540
37,180,952
37,181,8152
37,190,78
37,194,288
37,209,170
37,220,1853
37,224,12410
37,276,34960
37,279,11036
37,301,2218
37,302,14280
37,383,935
37,413,6945
37,425,1833
38,1,10809
38,2,3079
38,3,10649
38,4,7460
38,5,10401
38,6,3161
38,7,7405
38,8,9910
38,9,1408
38,10,8760
38,11,1476
38,12,7700
38,13,2992
38,15,6785
38,16,7077
38,17,8053
38,18,7598
38,19,68150
38,20,110902
38,21,72020
38,22,220192
38,24,164951
38,25,22700
38,26,325839
38,28,171783
38,29,34400
38,30,441099
38,31,474438
38,33,115098
38,37,514446
38,40,1305
38,41,5567
38,42,6300
38,45,1504
38,47,9547
38,51,14829
38,52,6961
38,54,12311
38,55,4722
38,57,12311
38,61,6645
38,62,2185
38,63,6821
38,65,9414
38,71,2750
38,72,12179
38,74,4909
38,76,4225
38,79,9177
38,81,11036
38,84,8600
38,85,10267
38,87,1951
38,88,231
38,89,7903
38,91,6443
38,94,4734
38,95,12226
38,96,2660
38,100,47
38,103,4880
38,104,855
38,111,14002
38,112,416
38,128,6568
38,129,13479
39,1,83085
39,3,139524
39,4,503145
39,5,262594
39,9,53900
39,10,426824
39,16,723262
39,18,809574
39,19,1510808
39,22,117606
39,24,54400
39,25,732851
39,27,19440
39,33,101916
39,35,72523
39,40,659832
39,41,372300
39,46,279330
39,48,55500
39,49,913102
39,50,129111
39,64,247564
39,67,36375
39,68,190185
39,69,358062
39,78,367113
39,93,43267
39,108,336769
39,121,886030
39,124,175425
40,1,224027
40,2,67375
40,3,547157
40,4,321661
40,5,71557
40,6,502806
40,7,54400
40,8,300258
40,9,48500
40,10,1033195
40,11,652386
40,12,138079
40,13,96715
40,15,355688
40,16,62370
40,17,1080
40,18,284942
40,19,860593
40,21,199964
40,22,492319
40,25,679619
40,26,215841
40,27,1216421
40,28,246739
40,29,9350
40,30,32400
40,31,577310
40,33,84653
40,35,1520415
40,37,69300
40,38,555804
40,39,43500
40,41,12810
40,45,1195101
40,46,112068
40,55,52110
40,68,1107213
40,78,163399
40,97,59720
40,130,144231
41,1,558990
41,2,197325
41,3,192011
41,4,216469
41,5,1069691
41,6,617113
41,7,54250
41,8,670403
41,9,470080
41,10,4620
41,11,274926
41,12,103305
41,14,781815
41,15,378133
41,16,83020
41,17,176752
41,18,680280
41,19,380118
41,20,349165
41,21,647211
41,22,54600
41,24,346938
41,25,336710
41,26,419356
41,27,136631
41,28,128340
41,30,575474
41,31,155862
41,33,191160
41,35,361559
41,37,560866
41,38,36500
41,39,108867
41,40,359943
41,42,103140
41,45,261300
41,47,1039108
41,48,693453
41,50,1234310
41,51,188756
41,52,856502
41,53,109821
41,54,124264
41,55,70972
41,57,157585
41,67,15175
41,68,132912
41,69,202436
41,71,770395
41,78,328311
41,84,116070
41,147,486198
41,290,360310
42,1,93844
42,2,168856
42,3,368818
42,5,54400
42,7,140276
42,8,601556
42,9,11525
42,10,85285
42,11,227843
42,12,54391
42,15,1162050
42,16,10582
42,17,118763
42,18,349885
42,19,687470
42,20,54000
42,21,53650
42,22,38602
42,24,56675
42,25,286079
42,26,574240
42,28,597658
42,29,560874
42,30,84090
42,31,97769
42,33,54400
42,37,682265
42,38,65461
42,41,228213
42,47,115095
42,48,104490
42,50,25849
42,51,159108
42,52,54450
42,55,90250
42,65,222640
42,77,307547
42,88,57945
42,90,202476
42,96,305183
42,137,1234255
42,296,84265
43,1,44163
43,2,354183
43,3,1030315
43,4,25524
43,5,117390
43,6,73720
43,7,1235594
43,8,54450
43,9,421622
43,10,72140
43,11,134553
43,13,52107
43,14,186486
43,17,377019
43,21,113599
43,23,105047
43,27,16498
43,32,75555
43,33,347150
43,34,32130
43,35,643652
43,36,788853
43,44,1233525
43,53,1420328
43,59,925060
43,122,51491
44,1,1442016
44,2,51535
44,3,78229
44,4,59931
44,5,90350
44,6,608601
44,7,686182
44,9,252481
44,10,267665
44,11,248396
44,13,694420
44,14,317883
44,23,14221
44,27,112488
44,32,13350
44,33,323704
44,34,1292439
44,35,277199
44,43,10771
44,50,1839950
44,53,43481
44,60,521541
44,63,53848
44,69,72550
44,73,18012
44,110,68634
44,210,109257
44,243,954365
44,254,23232
45,1,1215775
45,2,846534
45,3,129640
45,4,669633
45,5,64242
45,6,434649
45,7,87833
45,8,353125
45,9,227296
45,10,106580
45,11,53550
45,12,367789
45,15,125019
45,16,221436
45,17,584843
45,18,273182
45,19,56000
45,20,120142
45,21,186997
45,22,828937
45,24,1403826
45,25,70350
45,26,555526
45,28,419199
45,31,198172
45,33,505981
45,37,49850
45,38,814852
45,40,88827
45,41,283362
45,47,35026
45,52,228
45,55,340139
45,61,13694
45,63,11305
45,79,162108
45,112,118891
45,128,173244
45,133,449012
45,166,125428
46,1,32640
46,11,165830
46,39,16720
46,40,706257
46,48,247832
46,49,88298
46,50,368022
46,64,153909
46,67,81277
46,69,90464
46,78,104566
46,105,132110
46,108,117412
46,114,468769
47,1,13039
47,2,134413
47,3,25477
47,4,152220
47,5,15639
47,6,335243
47,7,54200
47,8,54300
47,9,53734
47,10,198239
47,11,74052
47,12,384590
47,15,217976
47,16,296048
47,17,162604
47,18,390557
47,19,80429
47,20,511022
47,21,1150527
47,22,14362
47,24,94308
47,25,462564
47,26,50336
47,28,15966
47,37,376435
47,38,519661
47,41,81528
47,42,455469
47,45,94826
47,51,181978
47,52,28315
47,61,626658
47,79,148051
47,85,355559
48,1,16016
48,2,21472
48,3,148833
48,4,15741
48,5,230511
48,6,1080
48,7,151781
48,9,399547
48,10,844453
48,11,249523
48,17,1530
48,18,150856
48,19,274821
48,22,37840
48,23,118702
48,25,270516
48,27,149140
48,28,990103
48,33,78863
48,36,1036428
48,37,174205
48,39,48230
48,41,818075
48,42,180817
48,46,318843
48,50,55148
48,64,35049
48,105,49063
48,108,118144
48,124,47719
49,1,75555
49,2,328599
49,3,150528
49,4,361833
49,5,135450
49,6,211253
49,7,326312
49,9,546737
49,10,869649
49,11,309998
49,14,7086
49,18,54500
49,19,96298
49,22,385831
49,23,135901
49,24,107328
49,25,23091
49,27,581157
49,33,716495
49,34,83030
49,35,137075
49,39,606243
49,46,747571
49,64,101161
49,69,13423
49,70,295186
49,82,633071
49,105,56466
49,108,54450
49,114,125465
49,213,361758
49,254,168352
49,270,38050
49,339,415633
49,370,510120
49,376,386524
49,467,12528
49,495,607010
49,499,545485
49,500,58254
50,1,72508
50,2,450081
50,3,215043
50,4,514862
50,5,71097
50,6,554888
50,7,36300
50,8,492089
50,9,346586
50,10,378239
50,11,94129
50,17,96781
50,18,76427
50,19,13775
50,22,9310
50,23,248767
50,25,317096
50,27,43372
50,33,9775
50,37,144175
50,39,61830
50,41,196004
50,42,37575
50,44,521081
50,46,169254
50,48,100
50,64,97919
50,124,206555
50,254,374428
51,1,1167244
51,2,464499
51,3,1232
51,5,212685
51,6,32075
51,7,696785
51,8,216217
51,9,123024
51,10,1517349
51,12,52746
51,15,666421
51,17,583558
51,18,79777
51,19,33510
51,21,30750
51,22,1404735
51,24,203345
51,25,2253992
51,26,110834
51,28,296158
51,29,280430
51,30,427379
51,31,180289
51,38,18225
51,41,434609
51,42,67312
51,47,149420
51,52,232171
51,57,44405
51,62,152702
51,72,61830
51,76,133856
51,81,285773
52,1,808519
52,2,527202
52,3,61830
52,4,86016
52,5,464999
52,6,1122
52,7,109350
52,8,31734
52,9,313603
52,10,5760
52,11,43560
52,12,935455
52,13,26270
52,15,369351
52,16,40262
52,17,68996
52,18,50005
52,19,6425
52,20,147473
52,21,101612
52,22,119961
52,24,50005
52,25,508387
52,26,427320
52,28,29045
52,31,209108
52,33,88310
52,37,244223
52,38,114565
52,41,174454
52,42,97683
52,45,962187
52,47,49429
52,51,86995
52,61,1326899
52,63,1093303
52,66,155578
52,79,1223330
52,85,391244
52,86,531798
52,89,224157
52,116,568655
52,120,473715
52,127,51885
52,138,248582
52,143,509007
52,183,157601
52,192,200736
52,228,50922
52,254,1567073
52,274,305959
52,294,1007655
52,423,84330
53,1,598874
53,2,43175
53,3,365920
53,4,89585
53,5,62285
53,6,54750
53,7,13642
53,9,83235
53,10,46213
53,11,41588
53,14,263243
53,23,63016
53,29,529005
53,32,73100
53,34,16340
53,35,212439
53,36,260180
53,41,1594065
53,43,173173
53,44,49817
53,159,464061
54,1,47730
54,2,155623
54,5,43750
54,7,659329
54,8,152165
54,12,12173
54,15,533320
54,16,22728
54,17,149308
54,18,288132
54,19,887322
54,21,521559
54,22,16587
54,24,279803
54,25,180451
54,26,12711
54,28,91179
54,29,99941
54,31,105067
54,33,374424
54,38,1111717
54,41,313246
54,72,142628
54,84,54329
54,179,414790
54,212,406362
54,242,8950
55,1,566407
55,2,576715
55,3,701439
55,7,568411
55,8,553231
55,10,654620
55,11,11433
55,12,127776
55,15,143574
55,16,457506
55,17,56376
55,18,396850
55,19,10649
55,22,17765
55,25,24614
55,26,19944
55,28,256232
55,30,237593
55,31,1638
55,37,17632
55,38,135022
55,40,36694
55,41,36300
55,42,233275
55,45,359013
55,65,50005
55,68,87150
55,84,34500
55,99,758598
55,235,31806
56,1,398335
56,2,18563
56,3,70930
56,4,36400
56,6,36930
56,7,445015
56,8,49255
56,10,47050
56,11,114656
56,13,20681
56,14,91125
56,17,21992
56,23,18601
56,29,145142
56,34,85136
56,109,4816
56,115,229758
56,170,7448
56,185,49597
56,193,13479
56,216,11723
56,222,87248
56,233,173607
56,248,382622
56,250,60572
56,262,153514
56,287,59085
56,300,312017
56,313,71208
56,330,75605
56,331,133560
56,386,17090
56,416,49266
56,450,72051
57,1,12730
57,2,558045
57,3,717024
57,8,141992
57,11,3512
57,12,20700
57,15,209161
57,16,92013
57,17,59473
57,18,564
57,19,21717
57,20,713334
57,21,18667
57,22,12730
57,25,466112
57,26,64634
57,29,560038
57,37,17641
57,38,263428
57,41,400471
57,51,133549
57,84,81517
57,99,27402
57,141,49218
58,2,36050
58,3,84950
58,4,57390
58,5,811705
58,6,242767
58,7,68365
58,8,254322
58,9,208921
58,11,377760
58,13,232171
58,14,514694
58,23,335563
58,34,32625
58,35,11789
58,36,183357
58,73,221005
58,247,145969
59,3,18829
59,4,225553
59,5,9362
59,10,36119
59,13,505547
59,14,123121
59,27,69400
59,32,842435
59,35,962589
59,36,56300
59,43,22030
59,80,17575
59,83,2850
59,102,34575
59,197,20425
59,205,114657
60,3,412154
60,5,764241
60,6,340119
60,9,305022
60,13,532371
60,14,29231
60,32,136682
60,34,135395
60,35,166729
60,36,17565
60,44,6244
61,1,49702
61,2,3300
61,3,46937
61,6,218962
61,7,19967
61,8,72522
61,10,17663
61,11,87700
61,12,40780
61,15,133253
61,16,118334
61,17,164098
61,18,54522
61,19,11362
61,20,13158
61,21,133545
61,22,131541
61,24,406249
61,25,44353
61,28,64619
61,29,237150
61,30,110096
61,33,153108
61,37,269773
61,38,200651
61,45,172589
61,47,35853
61,52,95592
61,141,3154
61,144,115296
62,1,191332
62,2,839657
62,3,48722
62,5,21534
62,7,379217
62,8,18042
62,9,286718
62,12,30200
62,15,65857
62,16,58996
62,17,253632
62,18,138806
62,19,159070
62,20,17
62,21,192245
62,22,184573
62,24,63600
62,26,16428
62,28,6936
62,29,122570
62,38,55195
62,51,1980
62,72,397390
62,76,300519
62,81,248047
62,94,35224
62,96,47507
62,188,106070
63,1,8010
63,2,221771
63,3,18734
63,5,11343
63,7,13082
63,8,46455
63,9,63750
63,10,18012
63,11,70481
63,12,399514
63,13,376629
63,15,91376
63,16,144944
63,17,56955
63,18,255329
63,19,330957
63,21,35819
63,22,596987
63,24,385889
63,25,121667
63,26,394678
63,28,69472
63,37,109482
63,38,238409
63,44,80700
63,45,97236
63,52,52082
63,68,157946
63,79,394642
63,103,36450
64,1,357026
64,2,31654
64,3,238
64,4,291144
64,5,2340
64,6,38172
64,9,86083
64,11,900
64,23,141747
64,27,125834
64,39,20298
64,46,18400
64,48,93408
64,49,198354
64,50,113355
64,105,95248
64,108,283435
64,254,297543
65,1,30644
65,2,87709
65,3,551376
65,8,412344
65,9,170
65,10,141656
65,11,276947
65,12,156048
65,15,148318
65,16,54825
65,17,545923
65,18,116388
65,19,175802
65,20,52200
65,21,56572
65,22,34866
65,26,3275
65,28,103815
65,29,37272
65,38,149554
65,42,40158
65,55,30906
65,74,86948
65,140,247613
66,1,176681
66,2,180314
66,3,34391
66,5,95367
66,6,40922
66,7,360973
66,8,409782
66,9,54150
66,10,184929
66,11,383484
66,17,4696
66,18,73324
66,19,52850
66,21,28175
66,23,299579
66,24,337394
66,26,243635
66,33,46206
66,37,39814
66,52,354825
66,254,63971
67,1,344723
67,2,56301
67,3,1940
67,4,48741
67,5,79924
67,6,54916
67,7,556990
67,9,286712
67,10,229392
67,11,131766
67,18,157109
67,23,344035
67,33,118324
67,37,93675
67,39,22480
67,41,100529
67,46,228633
67,69,146040
67,82,50889
68,1,320517
68,2,121021
68,3,90075
68,5,21947
68,8,234181
68,9,426353
68,10,112664
68,11,653200
68,12,31825
68,15,253461
68,16,173366
68,17,546171
68,18,115410
68,19,635516
68,21,380012
68,22,202614
68,24,211861
68,25,318071
68,28,51578
68,37,35448
68,39,48212
68,40,178889
68,41,110368
68,55,69810
68,63,58656
68,107,439106
69,1,127250
69,2,139022
69,3,97620
69,5,505613
69,6,28526
69,7,290131
69,9,48849
69,10,1200
69,11,184962
69,17,67502
69,18,159912
69,22,119998
69,23,1488
69,33,46342
69,37,131932
69,39,266127
69,41,119943
69,44,22816
69,46,38614
69,49,153332
69,67,36074
69,82,34550
70,1,145387
70,2,309816
70,3,231138
70,4,750
70,5,91552
70,6,53586
70,7,35772
70,9,696194
70,11,140112
70,13,87849
70,14,419035
70,18,164199
70,23,86802
70,27,4947
70,34,273849
70,36,50005
70,49,50005
71,1,10938
71,2,50005
71,8,149819
71,12,99687
71,15,103778
71,16,50005
71,17,578346
71,18,231834
71,19,221021
71,21,81497
71,22,201613
71,24,47264
71,25,243528
71,26,42077
71,28,98500
71,31,516157
71,33,70515
71,38,53687
71,41,27478
71,72,144535
72,1,54020
72,2,150495
72,7,56672
72,8,49868
72,9,577419
72,12,4247
72,15,144740
72,16,506324
72,17,50005
72,18,342779
72,19,356224
72,20,147394
72,21,64
72,22,21780
72,26,21202
72,28,577788
72,29,681353
72,38,194967
72,51,7650
72,54,50005
72,62,694504
72,71,977225
72,76,309244
72,81,456305
72,84,49794
72,94,50005
72,95,49682
72,96,480055
72,100,176757
72,111,196794
72,157,1260
72,179,106805
72,188,393054
72,379,53325
72,381,44226
73,2,258465
73,3,14687
73,4,32752
73,5,165130
73,6,171726
73,7,50005
73,9,103434
73,13,161831
73,14,249551
73,23,18563
73,27,418870
73,34,18629
73,35,156198
73,36,458750
73,44,346463
73,58,358615
73,75,749392
73,122,529896
73,146,100731
73,187,432255
73,221,187029
73,223,312508
73,227,50005
73,254,430674
74,1,66238
74,2,116048
74,3,44776
74,7,190587
74,8,120456
74,10,281997
74,11,17719
74,12,205611
74,15,44718
74,16,334742
74,17,211881
74,18,78825
74,20,5800
74,21,24550
74,22,43696
74,28,80860
74,38,396124
74,65,176829
75,2,119905
75,5,37903
75,6,1529
75,7,10557
75,14,345564
75,23,396160
75,28,96704
75,34,740914
75,35,515223
75,73,604721
75,159,190831
75,171,261323
75,254,271693
75,438,146316
76,1,17793
76,2,273759
76,8,65960
76,12,191751
76,15,25403
76,16,78582
76,17,360783
76,18,295518
76,19,63538
76,20,120977
76,21,17755
76,22,18582
76,26,144259
76,28,352404
76,29,107429
76,38,234287
76,51,173197
76,62,95080
76,72,127188
76,81,125964
76,96,204270
76,188,168487
77,1,237891
77,2,73548
77,3,357174
77,8,293815
77,11,265098
77,12,271651
77,15,43202
77,16,98447
77,17,245249
77,18,134042
77,19,185280
77,20,78839
77,21,7760
77,22,276847
77,26,418107
77,28,10544
77,42,18553
77,104,206148
78,1,72453
78,3,204812
78,5,64737
78,8,66048
78,9,22007
78,10,478427
78,11,113806
78,12,117096
78,18,217410
78,21,87374
78,22,99299
78,24,124111
78,33,299402
78,37,29500
78,39,30275
78,40,302787
78,41,72785
78,46,230277
79,1,132790
79,2,94665
79,3,178259
79,7,6142
79,8,132244
79,10,377658
79,11,25789
79,12,290123
79,15,14300
79,16,15819
79,17,77885
79,18,21041
79,19,163202
79,21,575638
79,24,289095
79,26,82838
79,28,43693
79,38,33698
79,45,2328
79,47,19848
79,52,174013
79,63,81633
80,4,46537
80,13,208266
80,32,44318
80,59,1440
81,1,125794
81,2,36304
81,8,69095
81,12,82224
81,15,25732
81,16,138858
81,17,386827
81,18,68191
81,20,53753
81,21,85465
81,22,171072
81,26,356969
81,28,259680
81,29,243326
81,38,406062
81,51,47602
81,62,40413
81,72,52159
81,76,581952
81,96,1612
81,188,43386
81,206,153683
81,211,44923
82,1,15450
82,2,146547
82,3,174781
82,4,95086
82,5,97904
82,6,42861
82,7,104323
82,9,119920
82,10,344617
82,11,247024
82,18,114621
82,23,9825
82,33,139356
82,49,5400
82,67,61304
82,69,76199
83,4,84509
83,6,296094
83,13,375315
83,32,86209
83,35,132244
83,59,219263
83,102,288405
83,197,8400
83,205,494294
84,1,105349
84,15,174152
84,18,295683
84,19,192621
84,20,111235
84,22,34255
84,24,37360
84,25,10560
84,31,45621
84,38,54975
84,41,17480
84,54,97507
84,55,206221
84,57,227408
84,72,197681
85,1,480121
85,2,52200
85,3,138389
85,7,512340
85,8,159700
85,10,19879
85,17,112626
85,18,87302
85,21,313351
85,24,227424
85,26,191392
85,37,69970
85,38,37333
85,47,165137
85,52,98398
85,127,219623
86,1,458378
86,2,141616
86,3,350785
86,5,80107
86,6,49611
86,7,334485
86,8,148369
86,10,118566
86,11,86050
86,17,19665
86,18,222063
86,23,288584
86,24,231184
86,26,52700
86,33,312202
86,37,52943
86,52,497031
86,89,115277
86,254,448724
87,1,6764
87,2,30267
87,3,187209
87,8,451038
87,11,82598
87,12,107750
87,16,255570
87,17,58730
87,18,97440
87,28,280020
87,38,114903
87,177,53500
88,1,312135
88,2,61773
88,3,276355
88,8,282198
88,11,64173
88,12,61611
88,15,513482
88,16,485238
88,17,164403
88,18,211849
88,21,396229
88,26,331887
88,28,128163
88,37,95148
88,38,262796
88,42,84569
88,101,227546
88,137,52100
89,2,177954
89,3,100818
89,6,99530
89,7,40885
89,8,350692
89,10,106294
89,18,134817
89,21,49450
89,24,94845
89,37,27840
89,38,1615
89,52,29190
89,86,91019
89,143,264301
89,192,98745
89,254,118540
90,1,284011
90,2,130848
90,3,10890
90,8,40020
90,11,85344
90,12,176622
90,15,17600
90,16,153764
90,17,511650
90,18,104775
90,21,762985
90,26,505423
90,28,2880
90,42,989760
90,177,467178
91,1,128310
91,2,82402
91,3,37935
91,7,64520
91,8,256800
91,10,67363
91,11,153203
91,12,275364
91,15,27552
91,17,43530
91,18,92790
91,21,50553
91,22,309435
91,26,634060
91,28,344794
91,37,208972
91,38,127150
92,1,72855
92,2,32670
92,3,194063
92,5,485267
92,6,102805
92,7,52305
92,10,163
92,11,932316
92,18,426670
92,24,159330
92,33,475394
92,37,1008
93,1,49862
93,3,51985
93,11,968027
93,12,380
93,18,59195
93,19,107999
93,22,50005
93,24,308040
93,37,74629
93,39,20457
93,190,280
94,1,51837
94,2,153558
94,8,43680
94,12,68820
94,15,76956
94,16,322077
94,18,102665
94,20,33830
94,21,51051
94,28,924403
94,38,46494
94,62,22044
94,72,284178
94,111,187410
94,191,45837
94,286,14033
95,1,5490
95,2,262232
95,7,172915
95,8,173134
95,15,12175
95,16,47316
95,17,59401
95,18,203230
95,20,86978
95,21,43334
95,26,6369
95,28,74622
95,38,15800
95,72,681335
95,157,240899
96,1,127966
96,2,540
96,7,170555
96,8,130901
96,15,73318
96,17,56933
96,18,44141
96,20,300481
96,21,399996
96,22,540
96,26,20286
96,28,536298
96,38,519705
96,42,464346
96,62,365069
96,72,34716
96,76,100249
96,81,105129
96,141,69084
96,218,202752
96,242,612868
97,1,2775
97,3,18563
97,7,235190
97,8,109036
97,11,321101
97,12,43866
97,19,67802
97,25,20276
97,37,32100
97,40,101315
97,99,84508
98,2,833627
98,3,162819
98,5,237841
98,9,261207
98,14,43460
98,23,38199
98,28,22837
98,29,161917
98,35,228552
99,1,29560
99,3,335393
99,12,34809
99,18,221141
99,19,46437
99,25,2116
99,30,402799
99,31,19152
99,37,129877
99,55,45059
99,57,79071
99,97,54945
100,2,177853
100,8,12891
100,15,82909
100,16,30172
100,17,185434
100,18,19900
100,20,5415
100,21,10266
100,26,163021
100,28,11492
100,29,125526
100,38,645024
100,72,112554
100,420,130975
101,1,200700
101,2,90700
101,3,249709
101,11,360217
101,12,111066
101,15,98929
101,16,2775
101,17,212010
101,18,38145
101,20,136952
101,21,70638
101,22,611065
101,26,283038
101,28,176284
101,88,13832
102,32,216903
102,59,39326
102,83,224699
102,197,294233
103,1,76367
103,2,99293
103,8,90755
103,10,55685
103,11,39828
103,12,110970
103,15,51837
103,17,204860
103,18,396503
103,21,19009
103,24,29661
103,37,51675
103,38,13232
103,63,22355
104,1,134831
104,2,1638087
104,8,60698
104,12,173282
104,16,101731
104,17,23404
104,18,29011
104,20,58058
104,31,248550
104,33,220998
104,38,377173
104,77,42541
104,141,36450
105,3,2816
105,9,671815
105,11,139805
105,46,48292
105,48,94363
105,49,13005
105,64,152879
105,254,1551020
106,2,53576
106,3,50950
106,6,17898
106,7,156990
106,8,502466
106,10,28656
106,18,445515
106,21,164486
106,24,74586
106,33,468802
106,254,174110
107,1,56171
107,2,13882
107,3,87488
107,11,111564
107,12,280247
107,18,70668
107,19,400879
107,26,94019
107,37,113511
107,68,363816
107,190,138678
108,3,5236
108,9,117633
108,11,40452
108,39,39100
108,46,33200
108,48,94143
108,49,285219
108,64,370
108,254,143860
109,7,84769
109,14,553858
109,56,66745
109,230,16037
109,300,63597
109,330,31825
109,351,15372
109,355,931
109,356,11646
109,488,65578
109,489,77639
109,493,28979
110,1,123781
110,2,94901
110,3,30991
110,4,37450
110,5,251736
110,6,182956
110,7,318808
110,9,2000
110,11,28969
110,13,210850
110,14,11518
110,23,22977
110,34,514427
110,36,20214
110,44,65505
111,1,2275
111,2,213045
111,8,114950
111,12,108656
111,15,5309
111,18,81572
111,20,645521
111,21,379166
111,28,137534
111,38,109737
111,72,491286
111,94,149264
111,188,50255
111,196,84262
111,231,4520
112,1,167282
112,8,2015
112,12,1862
112,17,34772
112,18,33712
112,24,5025
112,25,14831
112,30,71151
112,31,342146
112,38,61415
112,45,373629
113,3,69782
113,4,267743
113,5,103857
113,6,74039
113,9,136471
113,13,156229
113,14,40831
113,23,38569
113,34,45133
113,448,136638
114,3,43861
114,6,141797
114,9,106082
114,11,51611
114,46,66347
114,49,301235
114,254,6401
115,14,67400
115,56,247124
115,149,138164
115,204,68620
115,257,111443
115,260,84309
115,266,54375
115,318,103540
115,363,71125
115,371,31442
115,476,13525
116,1,166909
116,2,137078
116,6,325867
116,7,48147
116,8,56715
116,10,251959
116,24,96703
116,37,91685
116,52,88427
116,153,55960
117,1,52152
117,2,51993
117,3,69302
117,10,18250
117,11,276138
117,12,329780
117,16,54995
117,33,56798
117,37,11146
118,1,125958
118,2,265789
118,7,88150
118,8,2880
118,10,95052
118,18,176061
118,21,52304
118,24,100643
119,1,138537
119,2,124510
119,8,116596
119,12,54780
119,18,54500
119,19,69150
119,21,146479
119,434,54068
120,2,54025
120,7,133261
120,8,148618
120,18,64991
120,52,222893
120,143,35975
120,183,189834
120,423,55200
121,1,53500
121,3,200633
121,11,295414
121,39,87975
122,5,137797
122,6,114926
122,7,208331
122,14,5200
122,23,221585
122,34,142732
122,43,108196
122,73,230222
122,146,59480
122,159,98293
122,171,175480
122,195,238133
122,238,54390
122,254,5200
122,377,125370
122,431,186497
122,432,51437
122,464,75680
122,474,64200
123,1,172445
123,2,61527
123,3,54650
123,11,89584
123,12,132596
123,26,113684
123,37,70575
124,3,254396
124,7,364787
124,11,56370
124,39,54750
124,48,105839
124,50,18350
124,254,111912
125,2,282406
125,3,82480
125,6,54400
125,7,99112
125,8,135694
125,10,5200
125,33,99873
125,37,104880
125,254,129492
126,4,100010
126,5,49682
126,6,267198
126,9,49555
126,13,936
126,23,246359
126,36,390192
127,1,355549
127,7,26463
127,8,155973
127,18,203125
127,19,5951
127,24,848
127,52,150060
127,85,46682
127,274,50264
128,1,419327
128,2,4446
128,3,54725
128,8,51413
128,10,1400
128,18,376202
128,21,263734
128,38,95283
128,45,47387
129,1,6900
129,2,636943
129,8,146040
129,11,432481
129,12,173476
129,15,112203
129,18,540934
129,21,105756
129,22,12177
129,26,287944
129,28,5964
129,38,99797
130,1,78165
130,3,5814
130,10,35334
130,11,309
130,37,374340
130,40,51010
131,1,244156
131,3,182792
131,11,23985
131,12,59780
131,37,50005
132,1,147098
132,2,112747
132,8,41285
132,12,10602
132,15,21756
132,16,50181
132,18,28929
132,21,12635
132,28,161106
132,158,104773
133,1,23389
133,2,24605
133,8,65655
133,18,69325
133,21,431591
133,24,77
133,45,3392
134,1,137081
134,11,101587
134,25,723164
134,31,2571
134,37,221557
135,2,36450
135,6,67204
135,7,16775
135,10,334092
136,1,54180
136,3,7881
136,18,282659
136,19,24906
136,25,36315
136,37,181792
136,180,49850
137,1,81493
137,12,371132
137,17,95334
137,18,25110
137,42,4750
137,88,38406
138,2,399832
138,7,32392
138,8,124527
138,18,233048
138,21,83967
138,52,21280
138,423,121026
139,1,62550
139,2,101714
139,12,18525
139,18,45606
139,37,107261
140,1,177981
140,12,51321
140,15,152005
140,16,156798
140,19,187597
140,26,27006
140,65,17537
141,8,18401
141,15,80712
141,18,43700
141,19,6697
141,22,11485
141,25,128437
141,31,77029
141,57,199988
141,61,345836
141,96,27869
141,104,121790
141,217,257629
141,218,160832
141,242,40455
142,2,76528
142,7,25679
142,8,8300
142,18,14335
142,21,67394
143,2,98938
143,7,152889
143,8,314262
143,18,26020
143,52,85825
143,89,153685
143,120,41470
143,228,125806
144,1,210216
144,19,71373
144,25,90350
144,30,120387
144,31,61470
144,61,48416
144,341,22486
145,4,44458
145,5,138602
145,6,232432
145,13,55988
145,14,77030
145,34,51366
145,254,80889
146,6,30875
146,7,70034
146,14,29350
146,23,25937
146,73,9300
146,122,52388
146,159,32205
146,171,20729
146,195,34126
147,1,12578
147,12,167271
147,18,212647
147,21,66550
147,37,50300
147,41,27844
148,4,144433
148,6,188436
148,7,52750
148,8,90916
148,14,8700
148,20,140552
148,23,108150
148,225,151062
149,14,173141
149,115,56819
149,204,129221
149,267,86868
149,327,100080
149,332,30248
149,387,210648
149,452,30410
149,468,178849
150,1,156785
150,2,81973
150,8,18
150,10,90465
150,18,134557
150,21,18525
150,37,89060
151,2,181724
151,7,74748
151,8,245808
151,21,40693
152,1,5712
152,2,45196
152,15,50005
152,18,15618
152,21,334723
153,1,366982
153,2,54581
153,6,146084
153,7,423170
153,8,331349
153,10,3256
153,116,465098
153,156,50005
154,2,19038
154,6,277
154,7,226694
154,254,174884
155,1,38595
155,12,12635
156,1,22993
156,2,142000
156,7,375997
156,8,99188
156,10,148586
156,19,79634
156,153,50005
156,200,100010
157,15,427835
157,16,169444
157,18,21760
157,20,51139
157,22,1140
157,72,1233
157,95,358684
157,196,372490
157,217,148828
158,1,132369
158,12,1254
158,15,520085
158,16,268013
158,18,28550
158,21,100545
158,28,59346
158,132,50005
159,7,50005
159,14,36718
159,23,270550
159,34,2581
159,53,160560
159,75,172164
159,122,48331
159,146,172213
159,171,11784
159,195,229132
159,254,55187
160,6,150045
160,9,29895
160,14,31140
160,23,90550
160,34,50830
160,254,381242
160,315,69750
161,4,33775
161,5,63420
161,13,54450
161,14,72700
161,34,112253
162,1,244705
162,3,72670
162,12,106020
162,37,86694
163,3,85775
163,11,154976
164,2,133420
164,6,180
164,7,118317
164,10,285744
164,33,13365
165,2,149510
165,7,243728
165,8,120264
165,16,54600
165,274,247177
166,19,19550
166,24,60600
166,45,208917
166,196,147049
166,217,54240
166,341,167321
166,391,432861
167,2,109900
167,7,36500
167,254,259808
168,4,207634
168,5,205011
168,6,226358
168,7,106680
168,13,72288
168,37,72900
169,6,54120
169,7,50005
169,23,96714
170,56,55516
170,313,97880
170,396,18207
170,411,98008
170,435,227626
170,441,27240
170,442,286200
170,443,80048
170,449,27285
170,450,363153
170,451,60860
170,454,76874
170,472,421243
170,492,179910
171,7,149604
171,14,97090
171,23,16439
171,75,49697
171,122,814070
171,146,96640
171,159,129654
171,195,385093
172,2,110353
172,7,284007
172,254,34969
172,321,59806
172,359,90117
173,1,137801
173,17,145973
173,18,147414
173,19,84529
173,25,73695
173,174,179986
174,1,270911
174,18,39091
174,19,43226
174,25,52596
174,173,27659
175,1,149109
175,2,50005
175,3,48408
175,6,19627
175,7,50005
175,11,143615
175,23,98434
176,4,192520
176,5,106499
176,13,175309
177,1,12312
177,12,138627
177,87,85614
177,90,582306
178,1,42705
178,2,4300
178,15,157844
178,18,49997
178,28,100010
179,15,61855
179,16,425732
179,17,24912
179,20,12445
179,26,281036
179,54,239281
179,72,9310
179,212,50005
179,218,184328
179,242,145223
179,367,333614
180,1,58404
180,18,111929
180,19,163044
180,25,19266
180,37,50005
180,136,49793
181,3,192612
181,11,10393
181,37,2775
181,276,12245
182,1,41366
182,2,145082
182,3,24592
182,4,155
182,6,24998
182,7,35631
182,8,33143
182,11,37682
182,13,109164
182,16,162250
182,17,29540
182,18,34346
182,30,20412
183,2,4352
183,7,42198
183,8,26099
183,52,53335
183,120,48950
183,228,98269
184,1,45350
184,12,21300
185,56,24969
185,193,369446
185,330,77108
185,348,2775
185,349,115068
185,354,173630
185,362,59332
185,401,122594
185,402,150927
185,418,60967
185,436,45234
185,437,28651
185,444,70404
185,447,25
186,4,172436
186,5,39886
186,13,10397
187,6,34965
187,23,36217
187,73,191215
187,227,25955
188,8,13750
188,15,49855
188,21,83835
188,28,1225
188,62,120921
188,72,1620
188,76,119165
188,81,50005
188,111,1776
188,206,49936
188,211,99736
189,8,50005
189,21,692869
190,1,199303
190,3,49868
190,11,680973
190,37,554515
190,93,152
190,107,151830
190,383,115
191,8,62365
191,15,20416
191,21,113256
191,28,42050
191,94,41100
191,434,42108
192,2,45050
192,7,72600
192,52,55338
192,89,72600
192,254,2850
192,265,1643
193,56,72950
193,185,72600
193,394,118260
193,395,70530
193,397,77
193,405,63738
193,445,49806
193,456,42108
193,487,42050
193,488,54929
193,489,42276
193,497,72600
193,498,93775
194,2,79218
194,10,36048
194,24,42050
194,37,6678
194,319,198654
195,14,72600
195,23,239070
195,33,26944
195,122,82414
195,146,145251
195,159,69983
195,171,50841
196,17,42108
196,22,54235
196,30,928
196,111,72250
196,157,42021
196,166,39855
196,217,48103
196,231,125596
196,341,72600
196,391,65650
197,32,42050
197,59,47777
197,83,49123
197,102,42245
197,205,47119
198,13,164051
198,14,34085
198,34,118260
199,6,773172
199,7,289402
199,254,281394
199,392,53449
200,2,444285
200,8,76140
200,10,341970
200,156,59049
201,5,18125
201,6,313435
201,23,25399
202,3,63691
202,11,242352
203,1,147420
203,12,102813
204,14,141083
204,115,2546
204,149,62634
205,32,47085
205,59,88808
205,83,5104
205,197,245818
206,8,108921
206,15,56434
206,20,156408
206,21,143704
206,81,117023
206,188,3979
206,211,503
207,1,14791
207,12,54368
208,7,124832
208,254,106080
208,406,288
209,3,101038
209,11,40237
209,37,42705
209,224,50005
210,13,317380
210,34,19720
210,44,44671
210,243,144399
210,368,62568
211,15,205
211,16,10304
211,20,99804
211,21,10296
211,81,205
211,188,105860
211,206,15255
212,16,26536
212,20,783107
212,54,66415
212,179,1180125
212,242,36400
213,3,121606
213,5,141624
213,6,46500
213,11,1891609
213,49,48662
213,270,1490185
214,2,111264
214,3,61248
214,6,47840
214,7,45384
214,11,144605
214,17,65178
215,4,184999
215,5,17537
215,13,64684
216,56,51780
217,22,9414
217,141,2479
217,157,128
217,166,24378
217,196,2479
217,218,9414
217,231,18506
217,242,40761
218,15,10773
218,16,2147
218,17,128717
218,96,29478
218,141,50005
218,179,149656
218,217,79120
218,242,22629
218,282,78990
219,3,6160
219,11,99736
220,3,258081
220,10,54074
220,37,50005
221,4,50005
221,14,50005
221,23,1176
221,73,55272
222,56,50005
222,248,22667
223,14,152
223,73,137389
223,249,50005
224,1,50005
224,37,15856
224,209,85387
224,279,1653
225,14,249598
225,23,144716
225,148,103563
225,254,3790
226,1,18665
226,12,319253
227,14,14400
227,23,53520
227,73,130288
227,187,505394
227,254,128
228,2,24642
228,8,24642
228,52,30480
228,143,16707
228,183,131993
228,275,144573
228,423,53280
229,1,177169
229,12,499137
229,15,322152
229,21,136806
230,109,50005
230,415,16225
230,483,49945
230,484,97027
231,1,633282
231,2,49922
231,15,5206
231,111,25792
231,196,132192
231,217,49868
232,7,45942
232,10,610776
233,56,304525
233,248,260
234,2,77
234,3,260
234,5,589774
234,6,120034
234,11,31200
234,17,395598
235,12,360
235,55,52976
236,1,398595
237,12,10468
238,6,40050
238,23,662084
238,122,33960
238,377,281073
239,15,41268
239,21,7790
239,22,72600
239,26,112227
240,1,121252
240,12,94210
240,21,56220
241,3,83136
241,11,77528
242,15,41035
242,16,44458
242,17,27590
242,20,114506
242,22,34669
242,26,60425
242,54,33
242,96,91639
242,141,54500
242,179,137973
242,212,103879
242,217,70121
242,218,18524
242,367,39648
243,13,30037
243,34,44529
243,35,130911
243,44,1419
243,210,61337
244,7,16966
244,254,149214
245,14,64825
245,254,41671
246,14,5371
246,254,24330
247,23,138020
247,58,129338
248,56,48499
248,222,41695
248,233,6860
249,14,31981
249,223,21453
250,56,90522
250,266,66057
251,3,1400
251,11,80532
252,4,101336
252,5,68660
253,11,64957
254,3,81764
254,5,128500
254,6,102417
254,7,33627
254,9,56110
254,11,93635
254,13,246626
254,14,16331
254,23,74350
254,27,63826
254,34,31746
254,36,49001
254,44,1054
254,49,60155
254,50,22453
254,52,43520
254,64,76936
254,66,28661
254,73,100
254,75,28721
254,86,34657
254,89,67763
254,105,102745
254,106,42974
254,108,35663
254,114,1050
254,122,30531
254,124,16020
254,125,80932
254,145,9259
254,154,63128
254,159,43486
254,160,39972
254,167,88433
254,172,525
254,192,59654
254,199,9028
254,208,52180
254,225,22271
254,227,99837
254,244,526180
254,245,99721
254,246,324653
254,258,16329
254,280,71572
254,284,41292
254,288,45557
254,344,30782
255,3,243766
256,3,1276157
257,115,195608
257,318,382907
257,371,165126
258,3,49697
258,254,88580
259,4,904306
259,5,168755
260,115,312509
260,267,170892
260,476,534495
261,1,298406
261,299,143310
262,56,49967
263,7,10013
263,324,49847
263,347,22287
264,2,22629
264,7,96220
264,10,95626
265,2,131643
265,7,88707
265,192,176
266,115,25653
266,250,96996
267,149,144093
267,260,10545
268,7,50005
268,271,99449
268,288,24704
268,407,1392
269,11,63020
270,5,235762
270,6,50005
270,49,16872
270,213,22976
270,329,97955
271,7,41699
271,268,16150
271,321,49799
271,406,4816
272,7,9125
272,294,28712
273,3,11200
274,2,9046
274,8,22784
274,52,24960
274,127,85
274,165,16650
275,7,49868
275,228,152
276,1,52
276,37,267179
276,181,19890
276,425,45260
277,3,36830
278,11,456334
279,37,540
279,224,154
280,3,586175
280,254,8950
281,21,260
281,22,152
282,21,62
282,218,1925
283,1,1075
284,3,3604
284,254,47779
285,7,93842
285,343,25004
286,15,110821
286,21,62
286,94,46040
287,56,328662
287,350,294941
287,485,289
288,7,335576
288,254,314848
288,268,276585
288,321,252063
288,359,555307
289,14,286957
290,3,629501
290,6,372439
290,11,66700
290,41,70
291,32,8626
292,304,181386
292,309,18738
292,480,44552
292,482,28855
293,12,93839
294,7,81893
294,52,19456
294,272,13926
295,5,90483
296,12,13205
296,42,25758
297,4,17841
298,8,246027
298,365,7392
299,1,42545
299,261,15637
300,56,500
300,109,17803
300,351,68632
300,355,29108
300,402,87168
300,403,540
300,493,10080
301,10,124040
301,37,178258
302,10,92532
302,37,3240
303,1,3315
304,292,37348
304,309,34650
305,15,114195
306,13,21201
306,23,14288
307,34,67727
308,34,31260
309,292,14240
309,304,37888
310,14,15922
311,4,18126
312,14,34424
313,56,17423
313,170,13319
313,396,50269
313,416,350
313,451,10564
314,8,17128
314,423,14601
315,34,91010
315,160,81432
316,6,10535
317,3,16800
318,115,11143
318,257,64
319,10,21447
319,194,20349
320,10,3315
321,7,16362
321,172,49936
321,271,2035
321,288,50005
321,359,183580
322,6,66518
322,23,18202
322,417,99462
322,430,10013
322,446,141266
323,15,166299
323,21,16187
324,7,61498
324,263,86205
324,347,58603
325,13,3756
326,21,499335
326,335,158238
327,149,146548
327,332,5586
327,387,52367
328,18,82629
328,21,81720
328,337,4970
329,5,8229
329,6,40746
329,270,24480
330,56,78474
330,109,34366
330,185,34966
330,349,50005
330,402,19496
330,416,137209
330,418,41670
330,433,83192
330,447,96921
331,56,57900
332,149,74906
332,327,2257
332,452,9162
333,33,788
334,13,37
335,21,1949
335,326,92437
335,393,1424
336,20,1260
336,382,10721
336,408,85
337,21,47570
337,328,49770
338,11,15474
339,6,15448
339,49,350
340,6,6525
340,33,8768
340,360,11840
340,364,73094
341,25,20349
341,30,12996
341,31,361
341,144,2978
341,166,6773
341,196,17100
342,7,38668
342,466,20539
343,285,190
344,5,15551
344,14,20349
344,254,30860
345,21,6408
345,412,20636
345,479,17290
346,6,55551
346,446,181944
347,6,720
347,7,50283
347,263,2720
347,324,32944
348,185,5720
348,362,629
349,185,37
349,330,14506
349,353,9920
349,402,720
349,436,5800
350,287,740
350,485,52259
350,496,725
351,109,462
351,300,18633
351,403,1517
351,493,1491
352,4,5550
353,349,7942
353,354,1554
354,185,28
354,353,180
354,437,340
355,109,275
355,300,345
355,403,5719
355,493,450
356,109,1029
357,9,90
358,20,13561
359,7,5316
359,172,1794
359,288,1091
359,321,2958
360,33,11187
360,340,2736
360,364,190
361,3,11267
361,494,10013
362,185,36720
362,348,900
362,444,3996
363,115,350
364,6,6816
364,340,900
364,360,83361
365,298,19261
366,21,17858
367,179,1957
367,242,1350
368,13,156
368,210,1350
369,4,21394
370,49,1110
370,499,1404
371,115,34340
371,257,34340
372,6,720
372,390,14550
373,2,45916
373,423,25954
373,427,31394
374,21,11223
375,23,62712
376,49,41854
377,6,121164
377,122,41953
377,238,3650
377,404,5472
378,3,85
378,6,5301
378,440,12070
379,72,696
379,420,28
380,21,1888
380,28,19270
380,422,9450
381,15,540
381,16,11976
381,72,11576
381,414,21338
382,20,10856
382,336,9416
383,37,10472
383,190,1080
384,21,74
384,424,817
384,429,170
385,6,945
385,457,20995
386,56,152
387,149,171
387,327,2698
388,3,19
389,6,720
389,392,10323
390,6,15552
390,372,2032
390,457,44795
391,166,44187
391,196,18341
392,199,14259
392,389,17544
392,464,19132
393,21,17800
393,335,50301
394,193,11084
394,395,350
394,405,41629
394,488,11220
395,193,37350
395,394,69430
395,405,1124
395,497,55729
396,170,720
396,313,24642
396,451,360
397,193,8996
397,456,817
397,483,2375
398,5,8823
399,1,37494
399,12,350
399,21,1871
400,10,1878
401,185,9101
401,437,3161
401,444,9792
402,185,5355
402,300,6102
402,330,6300
402,349,10401
402,418,3051
403,300,7460
403,351,12311
403,355,12856
403,493,2922
404,6,6613
404,377,350
405,193,1507
405,394,425
405,395,17428
405,487,2567
406,208,119131
406,271,11072
407,7,32760
407,268,9
408,20,8742
408,336,12351
409,6,2946
409,33,43100
409,455,8868
410,411,3991
410,435,15660
411,170,18703
411,410,9244
412,345,5943
412,479,2997
413,37,7591
414,20,15099
414,381,43877
415,230,808
415,483,777
415,484,1054
416,56,6222
416,313,6094
416,330,7598
416,450,4913
416,491,22
416,492,350
417,6,5338
417,322,6496
418,185,5204
418,330,13158
418,402,15062
419,8,1642
419,10,13438
420,100,13462
420,379,27339
421,5,17646
421,460,779
422,21,86
422,28,53716
422,380,26875
423,52,350
423,120,6568
423,138,18
423,228,350
423,314,12410
423,373,32640
424,21,19890
424,384,19575
425,37,14721
425,276,3709
426,7,7448
427,7,2726
427,373,23009
428,2,3037
429,21,67466
429,384,256
430,6,43666
430,322,35109
431,122,540
431,464,360
432,122,43741
433,330,12877
433,447,4161
434,8,9414
434,119,6142
434,191,17611
435,170,13383
435,410,170
435,472,2584
436,185,810
436,349,41953
436,437,1260
437,185,170
437,354,540
437,401,870
437,436,870
437,444,900
438,14,4513
438,75,41437
439,6,41629
439,465,6363
440,3,3615
440,378,20587
441,170,935
441,442,17289
441,443,1853
442,170,1548
442,441,12886
442,443,24803
443,170,12410
443,441,32674
443,442,1419
444,185,35819
444,362,624
444,401,17328
444,437,14280
445,193,8152
445,456,9571
446,6,9776
446,322,34960
446,346,8760
447,185,30906
447,330,9079
447,433,78
448,4,11192
448,113,6945
449,170,7416
449,454,1957
450,56,1548
450,170,2218
450,416,952
450,491,11229
451,170,952
451,313,1833
451,396,3686
452,149,3154
452,332,5491
453,15,11217
454,170,20392
454,449,8148
455,33,10098
455,409,288
456,193,1822
456,397,1548
456,445,11625
457,385,11036
457,390,2188
458,10,1691
459,10,600
460,6,12103
460,421,5244
461,21,9414
462,33,5871
463,21,18012
464,122,5301
464,392,12236
464,431,14525
465,6,15940
465,439,16664
466,342,6645
467,49,1565
468,149,8788
469,10,7700
470,6,13757
471,10,416
472,170,16664
472,435,1565
473,10,1044
474,122,7205
475,6,12730
476,115,15741
476,260,3130
477,6,1596
478,6,9
479,345,945
479,412,11343
480,292,14002
480,482,3106
481,12,12179
482,14,14829
482,292,5567
482,480,47
483,230,9547
483,397,13479
483,415,9177
483,484,2185
484,230,6568
484,415,10267
484,483,231
485,287,1504
485,350,8600
485,496,2660
486,6,4722
487,193,2750
487,405,6961
487,488,4880
487,489,4734
488,109,1305
488,193,855
488,394,9414
488,487,12311
488,489,7903
489,109,12311
489,193,12226
489,487,6300
489,488,4909
490,3,4225
491,416,1951
491,450,6821
491,492,6645
492,170,416
492,416,11036
492,491,6443
493,109,10809
493,300,3079
493,351,10649
493,355,7460
493,403,10401
494,361,3161
495,49,7405
496,350,9910
496,485,1408
497,193,1476
497,395,7700
497,498,8760
498,193,2992
498,497,6785
499,49,7077
499,370,8053
500,49,7598
